{
    "accuracy": 0.9647063366413098,
    "precision": 0.9710211591536339,
    "recall": 0.9462972924511386,
    "auc": 0.9955078896375678
}