{
    "accuracy": 0.9648607946866432,
    "precision": 0.9709452004413387,
    "recall": 0.9467455621301775,
    "auc": 0.9955363553550959
}