{
    "accuracy": 0.9659420010039773,
    "precision": 0.9702435451382531,
    "recall": 0.9500627577550654,
    "auc": 0.9958380335821521
}